index,generate
1.0,56.32988357543945
2.0,57.2661247253418
3.0,252.29248046875
4.0,195.94622802734375
5.0,51.91505432128906
6.0,198.80438232421875
7.0,398.7210388183594
8.0,22.990386962890625
9.0,205.43023681640625
10.0,166.16021728515625
11.0,53.732872009277344
12.0,158.87478637695312
13.0,336.2650451660156
14.0,175.21969604492188
15.0,70.85311126708984
16.0,80.29270935058594
17.0,87.81534576416016
18.0,84.72428131103516
19.0,73.99674987792969
20.0,65.09261322021484
21.0,252.29248046875
22.0,84.55072021484375
23.0,77.10466766357422
24.0,495.1004333496094
25.0,247.68045043945312
26.0,28.03218650817871
27.0,55.79491424560547
28.0,38.57754135131836
29.0,53.736473083496094
30.0,440.7445983886719
31.0,18.194183349609375
32.0,231.0688934326172
33.0,158.87478637695312
34.0,51.152099609375
35.0,158.87478637695312
36.0,111.69332885742188
37.0,158.87478637695312
38.0,84.0157470703125
39.0,445.6959533691406
40.0,202.98695373535156
41.0,70.98724365234375
42.0,113.75172424316406
43.0,54.093353271484375
44.0,147.59011840820312
45.0,145.08990478515625
46.0,197.70687866210938
47.0,261.265380859375
48.0,25.140684127807617
49.0,55.78855514526367
50.0,131.2079620361328
51.0,136.1717987060547
52.0,37.18650817871094
53.0,299.49932861328125
54.0,37.680763244628906
55.0,118.84606170654297
56.0,299.9123840332031
57.0,48.98073959350586
58.0,32.69462966918945
59.0,152.171142578125
60.0,128.22157287597656
61.0,302.58056640625
62.0,174.11715698242188
63.0,3.447807550430298
64.0,37.680763244628906
65.0,301.90704345703125
66.0,72.04898834228516
67.0,54.76275634765625
68.0,54.76275634765625
69.0,22.834909439086914
70.0,58.65007019042969
71.0,202.11231994628906
72.0,50.79287338256836
73.0,10.017844200134277
74.0,22.834909439086914
75.0,52.700584411621094
76.0,143.1234588623047
77.0,204.87411499023438
78.0,5.708725929260254
79.0,17.960704803466797
80.0,50.85574722290039
81.0,183.61912536621094
82.0,48.98073959350586
83.0,85.65682220458984
84.0,10.881084442138672
85.0,16.45287322998047
86.0,50.47811508178711
87.0,69.12836456298828
88.0,53.84524917602539
89.0,51.152099609375
90.0,68.97866821289062
91.0,127.20623016357422
92.0,71.82527160644531
93.0,84.0157470703125
94.0,439.469482421875
95.0,68.8011474609375
96.0,55.24560546875
97.0,142.25807189941406
98.0,55.02058410644531
99.0,295.0702819824219
100.0,37.680763244628906
101.0,249.4300079345703
102.0,212.1252899169922
103.0,136.35980224609375
104.0,112.06522369384766
105.0,187.2765350341797
106.0,251.75115966796875
107.0,202.06558227539062
108.0,72.3784408569336
109.0,56.4742431640625
110.0,445.8396301269531
111.0,89.9974365234375
112.0,268.0091247558594
113.0,68.75983428955078
114.0,142.0274658203125
115.0,68.48922729492188
116.0,92.62915802001953
117.0,10.881084442138672
118.0,52.341434478759766
119.0,202.84779357910156
120.0,134.95718383789062
121.0,84.0157470703125
122.0,205.4239959716797
123.0,97.51348114013672
124.0,-0.01211458444595337
125.0,-0.01211458444595337
126.0,52.93701171875
127.0,99.18915557861328
128.0,122.72340393066406
129.0,22.772037506103516
130.0,136.1717987060547
131.0,301.448974609375
132.0,261.7948303222656
133.0,179.82611083984375
134.0,141.58389282226562
135.0,116.31441497802734
136.0,177.56932067871094
137.0,207.31475830078125
138.0,37.92097854614258
139.0,208.36154174804688
140.0,57.52055740356445
141.0,207.20416259765625
142.0,203.47393798828125
143.0,436.2613220214844
144.0,203.47393798828125
145.0,221.49058532714844
146.0,186.9615020751953
147.0,592.9487915039062
148.0,186.9615020751953
149.0,80.85169219970703
150.0,221.49058532714844
151.0,69.09442138671875
152.0,53.326507568359375
153.0,80.85169219970703
154.0,10.017844200134277
155.0,440.56195068359375
156.0,125.80658721923828
157.0,75.390380859375
158.0,51.152099609375
159.0,56.03689956665039
160.0,218.76116943359375
161.0,121.7673568725586
162.0,122.02760314941406
163.0,451.548583984375
164.0,156.16473388671875
165.0,415.46270751953125
166.0,166.5723876953125
167.0,72.3784408569336
168.0,85.31559753417969
169.0,302.58056640625
170.0,562.2562866210938
171.0,79.08760833740234
172.0,16.45287322998047
173.0,194.34323120117188
174.0,38.54615020751953
175.0,194.4021453857422
176.0,82.80178833007812
177.0,445.8396301269531
178.0,473.24969482421875
179.0,51.40992736816406
180.0,47.8125
181.0,37.680763244628906
182.0,10.254271507263184
183.0,114.46026611328125
184.0,1467.7974853515625
185.0,8.74005126953125
186.0,212.1252899169922
187.0,293.616455078125
188.0,25.1123046875
189.0,15.60097885131836
190.0,14.905900955200195
191.0,28.30631446838379
192.0,223.11195373535156
193.0,71.82527160644531
194.0,178.78298950195312
195.0,107.17949676513672
196.0,43.94121170043945
197.0,448.7215576171875
198.0,178.89173889160156
199.0,1616.5677490234375
200.0,93.60826110839844
201.0,113.9881591796875
202.0,48.48648452758789
203.0,129.26463317871094
204.0,0.28718632459640503
205.0,38.64214324951172
206.0,23.07133674621582
207.0,426.75244140625
208.0,1467.7974853515625
209.0,41.118350982666016
210.0,204.37985229492188
211.0,114.90727233886719
212.0,21.707971572875977
213.0,56.714927673339844
214.0,144.08206176757812
215.0,11.117512702941895
216.0,446.9422302246094
217.0,143.39686584472656
218.0,63.45500183105469
219.0,52.69416427612305
220.0,25.340328216552734
221.0,113.9881591796875
222.0,446.9422302246094
223.0,279.67938232421875
224.0,1467.7974853515625
225.0,124.6456527709961
226.0,484.80096435546875
227.0,0.28718632459640503
228.0,51.28466033935547
229.0,14.622961044311523
230.0,138.54591369628906
231.0,47.53628158569336
232.0,115.06161499023438
233.0,49.72896194458008
234.0,72.88483428955078
235.0,53.608821868896484
236.0,398.8647155761719
237.0,12.077794075012207
238.0,76.79802703857422
239.0,51.04823303222656
240.0,56.758697509765625
241.0,79.18362426757812
242.0,121.63970947265625
243.0,430.0614318847656
244.0,149.77622985839844
245.0,290.6937561035156
246.0,185.8506622314453
247.0,41.51202392578125
248.0,142.13238525390625
249.0,144.19081115722656
250.0,50.85574722290039
251.0,250.34280395507812
252.0,86.13507843017578
253.0,253.94361877441406
254.0,23.29714584350586
255.0,54.380218505859375
256.0,48.048927307128906
257.0,117.45868682861328
258.0,114.52313995361328
259.0,323.73193359375
260.0,506.4549865722656
261.0,50.85574722290039
262.0,245.27169799804688
263.0,25.348731994628906
264.0,131.2079620361328
265.0,198.88580322265625
266.0,49.72896194458008
267.0,187.65713500976562
268.0,146.89633178710938
269.0,49.72896194458008
270.0,265.8017272949219
271.0,188.5599822998047
272.0,280.5871276855469
273.0,84.25218200683594
274.0,155.53140258789062
275.0,83.98159790039062
276.0,49.351871490478516
277.0,58.4064826965332
278.0,133.8258819580078
279.0,96.32014465332031
280.0,129.7996063232422
281.0,54.380218505859375
282.0,204.37985229492188
283.0,111.24728393554688
284.0,0.28718632459640503
285.0,54.380218505859375
286.0,0.28718632459640503
287.0,90.32768249511719
288.0,104.14627838134766
289.0,38.05189514160156
290.0,0.050758302211761475
291.0,421.3821105957031
292.0,249.57395935058594
293.0,0.050758302211761475
294.0,47.53628158569336
295.0,200.39903259277344
296.0,111.27890014648438
297.0,71.82527160644531
298.0,230.3843994140625
299.0,144.07965087890625
300.0,107.1205825805664
301.0,84.81686401367188
302.0,198.046142578125
303.0,194.57591247558594
304.0,52.39349365234375
305.0,247.51553344726562
306.0,0.050758302211761475
307.0,1810.4136962890625
308.0,143.95437622070312
309.0,115.80970001220703
310.0,67.93592834472656
311.0,152.67945861816406
312.0,-0.3161401152610779
313.0,183.61912536621094
314.0,134.71478271484375
315.0,84.0157470703125
316.0,220.0822296142578
317.0,48.48648452758789
318.0,70.16410827636719
319.0,300.4002685546875
320.0,204.6162872314453
321.0,48.7229118347168
322.0,200.6529083251953
323.0,437.73907470703125
324.0,11.117512702941895
325.0,447.0859069824219
326.0,54.047889709472656
327.0,113.92528533935547
328.0,317.34722900390625
329.0,186.52723693847656
330.0,0.28718632459640503
331.0,247.68045043945312
332.0,48.7229118347168
333.0,182.2417755126953
334.0,37.18650817871094
335.0,417.8082275390625
336.0,289.1156311035156
337.0,88.24299621582031
338.0,54.68863296508789
339.0,1542.579345703125
340.0,404.6268310546875
341.0,113.92528533935547
342.0,396.5074462890625
343.0,57.932125091552734
344.0,117.60209655761719
345.0,53.608821868896484
346.0,24.9581298828125
347.0,419.05450439453125
348.0,136.5962371826172
349.0,87.81534576416016
350.0,54.14379119873047
351.0,78.07850646972656
352.0,54.14379119873047
353.0,179.4267120361328
354.0,166.57330322265625
355.0,53.29966735839844
356.0,226.0191650390625
357.0,102.07573699951172
358.0,1674.647216796875
359.0,417.8082275390625
360.0,455.04278564453125
361.0,315.7377624511719
362.0,111.92976379394531
363.0,11.117512702941895
364.0,454.89910888671875
365.0,50.69615173339844
366.0,110.89620971679688
367.0,175.21969604492188
368.0,276.8140563964844
369.0,94.1113052368164
370.0,53.77919006347656
371.0,48.18324661254883
372.0,37.18650817871094
373.0,262.52069091796875
374.0,50.45972442626953
375.0,114.52313995361328
376.0,412.6148986816406
377.0,123.62049102783203
378.0,179.4267120361328
379.0,0.28718632459640503
380.0,25.1123046875
381.0,12.652267456054688
382.0,41.748451232910156
383.0,114.41301727294922
384.0,179.4267120361328
385.0,0.28718632459640503
386.0,398.8647155761719
387.0,204.15509033203125
388.0,250.1063690185547
389.0,231.0688934326172
390.0,251.4458465576172
391.0,0.28718632459640503
392.0,231.0688934326172
393.0,152.171142578125
394.0,187.26072692871094
395.0,11.407402038574219
396.0,50.672576904296875
397.0,11.117512702941895
398.0,54.380218505859375
399.0,48.048927307128906
400.0,178.89173889160156
401.0,50.94744110107422
402.0,446.9422302246094
403.0,201.07191467285156
404.0,250.34280395507812
405.0,60.681175231933594
406.0,45.31409454345703
407.0,23.07133674621582
408.0,10.254271507263184
409.0,50.619319915771484
410.0,158.97540283203125
411.0,194.0886993408203
412.0,23.07133674621582
413.0,83.1010971069336
414.0,61.054466247558594
415.0,204.29843139648438
416.0,50.672576904296875
417.0,11.117512702941895
418.0,72.73823547363281
419.0,50.55644607543945
420.0,114.52313995361328
421.0,193.26190185546875
422.0,56.32988357543945
423.0,405.16064453125
424.0,15.036003112792969
425.0,49.998592376708984
426.0,0.22431319952011108
427.0,21.652379989624023
428.0,191.2640380859375
429.0,183.61912536621094
430.0,-0.4106132984161377
431.0,473.8143310546875
432.0,108.56202697753906
433.0,12.077794075012207
434.0,252.29248046875
435.0,3.6213619709014893
436.0,113.30573272705078
437.0,484.236328125
438.0,174.14154052734375
439.0,224.26504516601562
440.0,58.342994689941406
441.0,39.37260055541992
442.0,249.630126953125
443.0,55.79491424560547
444.0,484.236328125
445.0,71.82527160644531
446.0,143.95437622070312
447.0,28.003925323486328
448.0,178.59243774414062
449.0,198.80438232421875
450.0,293.616455078125
451.0,51.91505432128906
452.0,-0.01211458444595337
453.0,10.881084442138672
454.0,43.698116302490234
455.0,56.32988357543945
456.0,53.284934997558594
457.0,195.83541870117188
458.0,54.76275634765625
459.0,269.9898986816406
460.0,49.761619567871094
461.0,55.77907180786133
462.0,184.59304809570312
463.0,94.57167053222656
464.0,147.7718505859375
465.0,448.9579772949219
466.0,75.59437561035156
467.0,210.89149475097656
468.0,250.8726043701172
469.0,61.22953796386719
470.0,1427.6268310546875
471.0,113.9881591796875
472.0,115.23517608642578
473.0,52.201210021972656
474.0,23.07133674621582
475.0,195.44801330566406
476.0,49.65950012207031
477.0,69.68033599853516
478.0,142.25807189941406
479.0,69.74320983886719
480.0,0.28718632459640503
481.0,419.05450439453125
482.0,175.36337280273438
483.0,57.19527053833008
484.0,50.86397933959961
485.0,455.04278564453125
486.0,74.01136779785156
487.0,55.79491424560547
488.0,150.0393829345703
489.0,210.89149475097656
490.0,10.881084442138672
491.0,10.881084442138672
492.0,243.322021484375
493.0,50.86397933959961
494.0,507.5921325683594
495.0,179.19027709960938
496.0,188.3583221435547
497.0,310.97320556640625
498.0,22.834909439086914
499.0,204.3915252685547
500.0,131.74928283691406
501.0,55.78855514526367
502.0,63.385475158691406
503.0,115.38851928710938
504.0,1675.0401611328125
505.0,110.89620971679688
506.0,11.117512702941895
507.0,178.89173889160156
508.0,67.13551330566406
509.0,55.25701141357422
510.0,37.53201675415039
511.0,179.4267120361328
512.0,73.47467803955078
513.0,23.07133674621582
514.0,0.28718632459640503
515.0,186.00543212890625
516.0,55.78855514526367
517.0,50.69615173339844
518.0,47.95604705810547
519.0,10.254271507263184
520.0,47.722713470458984
521.0,49.965389251708984
522.0,171.42861938476562
523.0,196.85470581054688
524.0,64.72361755371094
525.0,185.39837646484375
526.0,53.19028854370117
527.0,11.939920425415039
528.0,12.956235885620117
529.0,12.956235885620117
530.0,508.1567687988281
531.0,55.79491424560547
532.0,283.6874694824219
533.0,1662.6790771484375
534.0,53.77919006347656
535.0,178.89173889160156
536.0,181.48805236816406
537.0,433.1920471191406
538.0,426.8961181640625
539.0,60.7182731628418
540.0,116.40992736816406
541.0,116.40992736816406
542.0,481.2065734863281
543.0,2.173977851867676
544.0,5.708725929260254
545.0,198.80438232421875
546.0,117.09017944335938
547.0,487.50250244140625
548.0,85.0507583618164
549.0,13.357067108154297
550.0,417.66455078125
551.0,152.0274658203125
552.0,55.258365631103516
553.0,33.9396858215332
554.0,38.28832244873047
555.0,445.6959533691406
556.0,218.2775421142578
557.0,208.9418182373047
558.0,204.6162872314453
559.0,14.622961044311523
560.0,160.6363983154297
561.0,55.18752670288086
562.0,1662.6790771484375
563.0,116.4728012084961
564.0,2.2368509769439697
565.0,202.06558227539062
566.0,160.6363983154297
567.0,63.385475158691406
568.0,12.141063690185547
569.0,38.05189514160156
570.0,56.32988357543945
571.0,206.4184112548828
572.0,56.32988357543945
573.0,39.61569595336914
574.0,49.998592376708984
575.0,160.6363983154297
576.0,299.49932861328125
577.0,305.7952575683594
578.0,138.54591369628906
579.0,55.72885513305664
580.0,248.9357452392578
581.0,55.72885513305664
582.0,112.17668914794922
583.0,52.69416427612305
584.0,81.98277282714844
585.0,74.99545288085938
586.0,52.69416427612305
587.0,144.44418334960938
588.0,144.44418334960938
589.0,294.09466552734375
590.0,433.0483703613281
591.0,108.8377685546875
592.0,11.344529151916504
593.0,433.0483703613281
594.0,204.37985229492188
595.0,301.1676940917969
596.0,11.05463981628418
597.0,201.8291473388672
598.0,63.14904022216797
599.0,267.8038330078125
600.0,53.608821868896484
601.0,3.6213619709014893
602.0,11.05463981628418
603.0,160.6363983154297
604.0,5.708725929260254
605.0,434.8529968261719
606.0,49.72896194458008
607.0,10.191399574279785
608.0,52.93701171875
609.0,116.55084991455078
610.0,14.622961044311523
611.0,80.5744400024414
612.0,64.85218811035156
613.0,63.79852294921875
614.0,144.07052612304688
615.0,174.1708984375
616.0,444.6404724121094
617.0,54.38698196411133
618.0,414.77496337890625
619.0,49.965389251708984
620.0,252.68832397460938
621.0,253.5978240966797
622.0,56.32988357543945
623.0,178.82887268066406
624.0,41.748451232910156
625.0,156.9684600830078
626.0,144.44418334960938
627.0,52.09822463989258
628.0,26.040771484375
629.0,134.90106201171875
630.0,118.66278839111328
631.0,117.63124084472656
632.0,76.84710693359375
633.0,72.9206314086914
634.0,181.208251953125
635.0,131.74928283691406
636.0,58.91416549682617
637.0,504.08526611328125
638.0,131.74928283691406
639.0,58.42361068725586
640.0,121.54776000976562
641.0,109.23800659179688
642.0,325.8902893066406
643.0,231.8733367919922
644.0,131.74928283691406
645.0,203.0849609375
646.0,420.62823486328125
647.0,81.74769592285156
648.0,138.54591369628906
649.0,74.54295349121094
650.0,1202.5150146484375
651.0,251.7338409423828
652.0,184.59304809570312
653.0,1079.7916259765625
654.0,60.8805046081543
655.0,27.732887268066406
656.0,10.818211555480957
657.0,52.35605239868164
658.0,26.53502655029297
659.0,53.723724365234375
660.0,51.91505432128906
661.0,51.91505432128906
662.0,33.37615203857422
663.0,-0.01211458444595337
664.0,249.630126953125
665.0,53.732872009277344
666.0,432.0422058105469
667.0,107.09901428222656
668.0,53.23432540893555
669.0,81.1510009765625
670.0,328.30670166015625
671.0,48.98073959350586
672.0,235.50587463378906
673.0,50.86397933959961
674.0,412.7219543457031
675.0,81.1510009765625
676.0,251.20819091796875
677.0,169.04837036132812
678.0,183.09506225585938
679.0,508.3768310546875
680.0,330.1974182128906
681.0,2.2368509769439697
682.0,205.43023681640625
683.0,13.067177772521973
684.0,57.29063034057617
685.0,1.6955246925354004
686.0,117.76532745361328
687.0,194.53704833984375
688.0,1089.5823974609375
689.0,120.14960479736328
690.0,55.17172622680664
691.0,505.4071960449219
692.0,54.047889709472656
693.0,-0.9023947715759277
694.0,54.047889709472656
695.0,2.2368509769439697
696.0,25.0210018157959
697.0,51.89445495605469
698.0,54.14379119873047
699.0,244.3685302734375
700.0,49.72896194458008
701.0,41.51202392578125
702.0,55.738590240478516
703.0,17.164779663085938
704.0,97.8812026977539
705.0,13.067177772521973
706.0,135.6478729248047
707.0,251.6709747314453
708.0,21.36806297302246
709.0,27.298397064208984
710.0,148.15228271484375
711.0,240.35865783691406
712.0,49.72896194458008
713.0,120.14960479736328
714.0,217.365234375
715.0,240.35865783691406
716.0,49.65950012207031
717.0,52.74253845214844
718.0,47.8125
719.0,78.01563262939453
720.0,148.15228271484375
721.0,86.73681640625
722.0,71.8511734008789
723.0,49.72896194458008
724.0,88.11585998535156
725.0,49.72896194458008
726.0,429.6966857910156
727.0,152.5109405517578
728.0,70.99906921386719
729.0,49.72896194458008
730.0,133.04840087890625
731.0,1596.583984375
732.0,250.1063690185547
733.0,178.89173889160156
734.0,51.610233306884766
735.0,26.468385696411133
736.0,172.50643920898438
737.0,49.965389251708984
738.0,196.85470581054688
739.0,252.68832397460938
740.0,41.043766021728516
741.0,323.23956298828125
742.0,50.79287338256836
743.0,58.53218078613281
744.0,112.84090423583984
745.0,32.9277458190918
746.0,53.22206115722656
747.0,227.78677368164062
748.0,195.51087951660156
749.0,73.46607971191406
750.0,41.748451232910156
751.0,428.2883605957031
752.0,460.0736083984375
753.0,50.131248474121094
754.0,111.92976379394531
755.0,139.2670440673828
756.0,432.0422058105469
757.0,61.58366012573242
758.0,28.03218650817871
759.0,195.20819091796875
760.0,60.7182731628418
761.0,460.0736083984375
762.0,328.2477722167969
763.0,253.5978240966797
764.0,60.7182731628418
765.0,201.07191467285156
766.0,78.01563262939453
767.0,82.55933380126953
768.0,323.8777770996094
769.0,25.0210018157959
770.0,51.616844177246094
771.0,49.761619567871094
772.0,190.5322265625
773.0,68.9747085571289
774.0,142.25807189941406
775.0,54.38698196411133
776.0,49.761619567871094
777.0,49.761619567871094
778.0,55.045623779296875
779.0,322.16558837890625
780.0,248.7191619873047
781.0,122.52545166015625
782.0,51.91505432128906
783.0,180.669189453125
784.0,235.1187744140625
785.0,-0.07971209287643433
786.0,193.32476806640625
787.0,281.08642578125
788.0,328.6529541015625
789.0,195.63299560546875
790.0,204.15509033203125
791.0,454.89910888671875
792.0,117.66497039794922
793.0,54.88395690917969
794.0,93.60826110839844
795.0,131.70370483398438
796.0,11.939920425415039
797.0,188.4163055419922
798.0,514.712646484375
799.0,127.19892120361328
800.0,104.88179779052734
801.0,316.1023254394531
802.0,49.761619567871094
803.0,49.0876350402832
804.0,197.47044372558594
805.0,48.03053665161133
806.0,0.22431319952011108
807.0,17.72427749633789
808.0,81.08812713623047
809.0,54.38698196411133
810.0,83.80180358886719
811.0,18.32223129272461
812.0,121.48409271240234
813.0,38.46164321899414
814.0,49.761619567871094
815.0,61.58366012573242
816.0,16.77339744567871
817.0,16.77339744567871
818.0,60.7182731628418
819.0,248.7191619873047
820.0,60.7182731628418
821.0,136.13768005371094
822.0,39.11084747314453
823.0,38.46164321899414
824.0,60.7182731628418
825.0,184.17088317871094
826.0,72.78823852539062
827.0,194.3971405029297
828.0,461.0948791503906
829.0,194.3971405029297
830.0,152.53578186035156
831.0,254.63800048828125
832.0,52.09822463989258
833.0,0.22431319952011108
834.0,26.277198791503906
835.0,31.488191604614258
836.0,1098.8968505859375
837.0,60.7182731628418
838.0,31.488191604614258
839.0,426.75244140625
840.0,473.8143310546875
841.0,60.7182731628418
842.0,1.6955246925354004
843.0,82.40401458740234
844.0,54.047889709472656
845.0,51.927696228027344
846.0,33.77475357055664
847.0,501.96099853515625
848.0,254.63800048828125
849.0,60.7182731628418
850.0,14.533844947814941
851.0,52.35605239868164
852.0,179.4267120361328
853.0,298.8258056640625
854.0,11.117512702941895
855.0,191.5875244140625
856.0,253.5978240966797
857.0,-0.07971209287643433
858.0,296.3255920410156
859.0,26.771453857421875
860.0,136.0281219482422
861.0,10.482782363891602
862.0,481.7712097167969
863.0,56.32988357543945
864.0,481.2065734863281
865.0,138.54591369628906
866.0,28.03218650817871
867.0,54.047889709472656
868.0,49.998592376708984
869.0,49.998592376708984
870.0,452.65203857421875
871.0,144.44418334960938
872.0,54.542144775390625
873.0,25.103900909423828
874.0,454.7104797363281
875.0,28.226863861083984
876.0,83.26461029052734
877.0,10.881084442138672
878.0,412.7219543457031
879.0,955.0020751953125
880.0,23.377429962158203
881.0,49.761619567871094
882.0,-0.3161401152610779
883.0,458.2477111816406
884.0,137.32196044921875
885.0,-0.9023947715759277
886.0,513.5895385742188
887.0,115.68793487548828
888.0,11.407402038574219
889.0,190.15126037597656
890.0,110.82717895507812
891.0,251.3815155029297
892.0,177.63218688964844
893.0,49.761619567871094
894.0,80.40087890625
895.0,186.52723693847656
896.0,38.46164321899414
897.0,49.761619567871094
898.0,136.13768005371094
899.0,117.900634765625
900.0,54.38698196411133
901.0,148.15228271484375
902.0,412.7219543457031
903.0,253.5978240966797
904.0,9.927932739257812
905.0,182.67608642578125
906.0,52.569419860839844
907.0,138.54591369628906
908.0,51.91505432128906
909.0,11.05463981628418
910.0,28.226863861083984
911.0,142.13238525390625
912.0,189.31349182128906
913.0,250.8726043701172
914.0,208.62396240234375
915.0,91.38990020751953
916.0,511.9134826660156
917.0,54.047889709472656
918.0,54.047889709472656
919.0,186.52723693847656
920.0,81.1510009765625
921.0,505.0751953125
922.0,81.1510009765625
923.0,54.047889709472656
924.0,257.0998229980469
925.0,75.64057922363281
926.0,54.38698196411133
927.0,75.64057922363281
928.0,60.7182731628418
929.0,438.54425048828125
930.0,255.55862426757812
931.0,411.40234375
932.0,52.74253845214844
933.0,0.28718632459640503
934.0,51.91505432128906
935.0,0.28718632459640503
936.0,10.254271507263184
937.0,0.28718632459640503
938.0,54.047889709472656
939.0,514.8948974609375
940.0,198.80438232421875
941.0,0.28718632459640503
942.0,316.6749267578125
943.0,182.2417755126953
944.0,143.95437622070312
945.0,241.05303955078125
946.0,15.215113639831543
947.0,179.4267120361328
948.0,432.10113525390625
949.0,49.761619567871094
950.0,454.2003173828125
951.0,38.46164321899414
952.0,52.59247970581055
953.0,81.1510009765625
954.0,49.761619567871094
955.0,118.64771270751953
956.0,54.38698196411133
957.0,172.50643920898438
958.0,49.998592376708984
959.0,414.5261535644531
960.0,38.46164321899414
961.0,49.761619567871094
962.0,54.38698196411133
963.0,52.59247970581055
964.0,443.5730285644531
965.0,331.24725341796875
966.0,38.46164321899414
967.0,12.203935623168945
968.0,265.974609375
969.0,319.889892578125
970.0,83.0096435546875
971.0,430.0614318847656
972.0,184.4423065185547
973.0,10.254271507263184
974.0,73.47467803955078
975.0,162.4962921142578
976.0,143.90286254882812
977.0,198.80438232421875
978.0,2.2368509769439697
979.0,51.91505432128906
980.0,43.698116302490234
981.0,295.0702819824219
982.0,54.542144775390625
983.0,58.76860809326172
984.0,54.047889709472656
985.0,160.6363983154297
986.0,28.226863861083984
987.0,117.16641235351562
988.0,1031.96044921875
989.0,117.16641235351562
990.0,144.15203857421875
991.0,1031.96044921875
992.0,506.4549865722656
993.0,54.047889709472656
994.0,13.067177772521973
995.0,39.56574249267578
996.0,39.17372131347656
997.0,52.200889587402344
998.0,196.61827087402344
999.0,133.95156860351562
1000.0,196.61827087402344
1001.0,247.439697265625
1002.0,178.89173889160156
1003.0,49.72896194458008
1004.0,186.52723693847656
1005.0,54.047889709472656
1006.0,176.47991943359375
1007.0,54.047889709472656
1008.0,117.16641235351562
1009.0,11.117512702941895
1010.0,56.71242141723633
1011.0,240.35865783691406
1012.0,21.43093490600586
1013.0,54.047889709472656
1014.0,11.117512702941895
1015.0,185.9859161376953
1016.0,133.95156860351562
1017.0,186.8450927734375
1018.0,156.9684600830078
1019.0,11.117512702941895
1020.0,58.53218078613281
1021.0,58.53218078613281
1022.0,253.94361877441406
1023.0,51.86179733276367
1024.0,133.95156860351562
1025.0,162.4962921142578
1026.0,198.88580322265625
1027.0,11.117512702941895
1028.0,243.322021484375
1029.0,157.48358154296875
1030.0,86.17015838623047
1031.0,142.25807189941406
1032.0,23.07133674621582
1033.0,179.4267120361328
1034.0,51.97896194458008
1035.0,114.52313995361328
1036.0,50.45972442626953
1037.0,180.00030517578125
1038.0,51.22003936767578
1039.0,414.77496337890625
1040.0,490.9940490722656
1041.0,61.17543029785156
1042.0,114.28670501708984
1043.0,240.35865783691406
1044.0,61.17543029785156
1045.0,54.14379119873047
1046.0,44.91746139526367
1047.0,3.6842353343963623
1048.0,495.1004333496094
1049.0,51.44329071044922
1050.0,49.72896194458008
1051.0,162.3526153564453
1052.0,22.321216583251953
1053.0,27.795759201049805
1054.0,54.14379119873047
1055.0,90.32768249511719
1056.0,10.881084442138672
1057.0,251.41171264648438
1058.0,58.53218078613281
1059.0,156.73202514648438
1060.0,37.18650817871094
1061.0,52.200889587402344
1062.0,156.73202514648438
1063.0,180.0556640625
1064.0,178.65530395507812
1065.0,84.0157470703125
1066.0,49.72896194458008
1067.0,83.15463256835938
1068.0,3.447807550430298
1069.0,1611.6043701171875
1070.0,44.14627456665039
1071.0,64.3509750366211
1072.0,322.11712646484375
1073.0,82.32233428955078
1074.0,250.17822265625
1075.0,54.380218505859375
1076.0,136.35980224609375
1077.0,10.881084442138672
1078.0,10.881084442138672
1079.0,55.02058410644531
1080.0,3.447807550430298
1081.0,49.72896194458008
1082.0,37.295589447021484
1083.0,41.51202392578125
1084.0,187.2765350341797
1085.0,211.9816131591797
1086.0,128.0711669921875
1087.0,49.72896194458008
1088.0,50.45972442626953
1089.0,110.65977478027344
1090.0,178.89173889160156
1091.0,11.117512702941895
1092.0,454.89910888671875
1093.0,71.150390625
1094.0,41.51202392578125
1095.0,55.78855514526367
1096.0,187.26072692871094
1097.0,66.89907836914062
1098.0,49.67783737182617
1099.0,188.4163055419922
1100.0,56.32988357543945
1101.0,131.74928283691406
1102.0,514.712646484375
1103.0,49.998592376708984
1104.0,1.6955246925354004
1105.0,252.29248046875
1106.0,22.20950698852539
1107.0,24.90425682067871
1108.0,181.3763885498047
1109.0,12.652267456054688
1110.0,1062.4189453125
1111.0,2.2368509769439697
1112.0,141.96502685546875
1113.0,193.26190185546875
1114.0,195.42678833007812
1115.0,182.2417755126953
1116.0,48.97932052612305
1117.0,13.067177772521973
1118.0,152.0274658203125
1119.0,60.7182731628418
1120.0,316.9930725097656
1121.0,178.78298950195312
1122.0,56.52227020263672
1123.0,138.54591369628906
1124.0,51.91505432128906
1125.0,184.5775604248047
1126.0,54.38698196411133
1127.0,43.698116302490234
1128.0,136.0281219482422
1129.0,160.4927215576172
1130.0,84.34313201904297
1131.0,51.91505432128906
1132.0,186.52723693847656
1133.0,254.63800048828125
1134.0,54.047889709472656
1135.0,51.91505432128906
1136.0,242.2064208984375
1137.0,158.9181365966797
1138.0,54.38698196411133
1139.0,90.09124755859375
1140.0,83.10066223144531
1141.0,51.91505432128906
1142.0,28.226863861083984
1143.0,241.05303955078125
1144.0,54.047889709472656
1145.0,943.5453491210938
1146.0,487.1435546875
1147.0,54.38698196411133
1148.0,503.107421875
1149.0,158.9181365966797
1150.0,29.98185157775879
1151.0,432.3748779296875
1152.0,253.5978240966797
1153.0,97.94407653808594
1154.0,144.44418334960938
1155.0,158.9181365966797
1156.0,177.9275360107422
1157.0,255.55862426757812
1158.0,186.52723693847656
1159.0,54.047889709472656
1160.0,51.91505432128906
1161.0,241.05303955078125
1162.0,76.53888702392578
1163.0,10.191399574279785
1164.0,0.22431319952011108
1165.0,114.46026611328125
1166.0,54.047889709472656
1167.0,179.3638458251953
1168.0,54.047889709472656
1169.0,115.96023559570312
1170.0,60.7182731628418
1171.0,136.13768005371094
1172.0,51.91505432128906
1173.0,74.84257507324219
1174.0,507.5434875488281
1175.0,54.047889709472656
1176.0,51.91505432128906
1177.0,25.340328216552734
1178.0,51.91505432128906
1179.0,60.7182731628418
1180.0,197.96498107910156
1181.0,253.5978240966797
1182.0,54.047889709472656
1183.0,43.698116302490234
1184.0,26.277198791503906
1185.0,-1.206420660018921
1186.0,-0.01211458444595337
1187.0,136.13768005371094
1188.0,115.88593292236328
1189.0,156.9684600830078
1190.0,52.09822463989258
1191.0,153.14393615722656
1192.0,52.09822463989258
1193.0,134.18800354003906
1194.0,137.01792907714844
1195.0,52.09822463989258
1196.0,326.49456787109375
1197.0,514.8948974609375
1198.0,58.76860809326172
1199.0,26.231958389282227
1200.0,43.15678787231445
1201.0,167.31539916992188
1202.0,134.18800354003906
1203.0,88.7943344116211
1204.0,202.67559814453125
1205.0,465.5599060058594
1206.0,0.050758302211761475
1207.0,134.18800354003906
1208.0,58.76860809326172
1209.0,115.64949798583984
1210.0,58.76860809326172
1211.0,136.35980224609375
1212.0,51.86179733276367
1213.0,158.5751190185547
1214.0,1105.6275634765625
1215.0,179.19027709960938
1216.0,185.83285522460938
1217.0,34.877410888671875
1218.0,114.52313995361328
1219.0,15.215113639831543
1220.0,84.25218200683594
1221.0,27.795759201049805
1222.0,178.65530395507812
1223.0,54.047889709472656
1224.0,247.2524871826172
1225.0,142.4945068359375
1226.0,247.2524871826172
1227.0,41.51202392578125
1228.0,508.3768310546875
1229.0,133.95156860351562
1230.0,57.29063034057617
1231.0,49.965389251708984
1232.0,1031.96044921875
1233.0,182.67608642578125
1234.0,146.17149353027344
1235.0,35.311031341552734
1236.0,199.1222381591797
1237.0,15.215113639831543
1238.0,41.748451232910156
1239.0,117.16641235351562
1240.0,331.84954833984375
1241.0,58.53218078613281
1242.0,11.117512702941895
1243.0,239.10336303710938
1244.0,52.200889587402344
1245.0,117.66497039794922
1246.0,117.16641235351562
1247.0,54.047889709472656
1248.0,252.68832397460938
1249.0,28.03218650817871
1250.0,3.6842353343963623
1251.0,54.542144775390625
1252.0,54.542144775390625
1253.0,28.721118927001953
1254.0,173.3782958984375
1255.0,11.117512702941895
1256.0,56.71242141723633
1257.0,13.651312828063965
1258.0,51.91505432128906
1259.0,54.542144775390625
1260.0,119.92819213867188
1261.0,11.117512702941895
1262.0,9.990805625915527
1263.0,325.8902893066406
1264.0,189.28903198242188
1265.0,84.25218200683594
1266.0,57.728736877441406
1267.0,54.542144775390625
1268.0,50.672576904296875
1269.0,112.87083435058594
1270.0,39.17372131347656
1271.0,238.3536834716797
1272.0,467.91943359375
1273.0,22.55764389038086
1274.0,39.86685562133789
1275.0,51.166831970214844
1276.0,993.8170166015625
1277.0,85.65254211425781
1278.0,13.651312828063965
1279.0,50.672576904296875
1280.0,58.24358367919922
1281.0,240.30482482910156
1282.0,238.3536834716797
1283.0,0.28718632459640503
1284.0,0.28718632459640503
1285.0,23.07133674621582
1286.0,179.4267120361328
1287.0,114.52313995361328
1288.0,410.7411804199219
1289.0,135.40777587890625
1290.0,182.2417755126953
1291.0,55.4818000793457
1292.0,38.157405853271484
1293.0,119.92819213867188
1294.0,245.3028106689453
1295.0,25.340328216552734
1296.0,86.02639770507812
1297.0,38.95589828491211
1298.0,54.542144775390625
1299.0,450.6712646484375
1300.0,499.9676208496094
1301.0,49.761619567871094
1302.0,410.7411804199219
1303.0,51.91505432128906
1304.0,54.542144775390625
1305.0,114.52313995361328
1306.0,501.9483947753906
1307.0,49.761619567871094
1308.0,432.01654052734375
1309.0,79.18362426757812
1310.0,205.65499877929688
1311.0,82.37460327148438
1312.0,49.0876350402832
1313.0,248.7191619873047
1314.0,54.542144775390625
1315.0,3.447807550430298
1316.0,52.59247970581055
1317.0,26.277198791503906
1318.0,228.41680908203125
1319.0,147.7295379638672
1320.0,52.09822463989258
1321.0,55.41892623901367
1322.0,180.0556640625
1323.0,14.978686332702637
1324.0,51.86179733276367
1325.0,194.0886993408203
1326.0,50.25587463378906
1327.0,49.0876350402832
1328.0,127.19892120361328
1329.0,49.0876350402832
1330.0,462.02325439453125
1331.0,53.04850769042969
1332.0,244.3685302734375
1333.0,248.7191619873047
1334.0,193.5944366455078
1335.0,28.03218650817871
1336.0,78.8291244506836
1337.0,183.09506225585938
1338.0,21.715251922607422
1339.0,28.03218650817871
1340.0,11.117512702941895
1341.0,55.41892623901367
1342.0,251.3815155029297
1343.0,3.6842353343963623
1344.0,203.62628173828125
1345.0,187.33935546875
1346.0,238.18408203125
1347.0,52.59247970581055
1348.0,75.4243392944336
1349.0,201.07191467285156
1350.0,112.8079605102539
1351.0,26.35664939880371
1352.0,39.17372131347656
1353.0,38.157405853271484
1354.0,10.254271507263184
1355.0,114.28670501708984
1356.0,173.3782958984375
1357.0,201.07191467285156
1358.0,22.834909439086914
1359.0,1015.6363525390625
1360.0,450.6712646484375
1361.0,86.02639770507812
1362.0,201.07191467285156
1363.0,115.15208435058594
1364.0,238.3536834716797
1365.0,0.050758302211761475
1366.0,467.91943359375
1367.0,58.24358367919922
1368.0,0.050758302211761475
1369.0,49.150508880615234
1370.0,114.28670501708984
1371.0,510.1553649902344
1372.0,334.4761657714844
1373.0,151.90904235839844
1374.0,54.542144775390625
1375.0,276.1861572265625
1376.0,108.5073471069336
1377.0,237.8594207763672
1378.0,154.2848663330078
1379.0,54.542144775390625
1380.0,188.79476928710938
1381.0,188.79476928710938
1382.0,119.4339370727539
1383.0,85.53214263916016
1384.0,158.9181365966797
1385.0,2.2368509769439697
1386.0,505.4071960449219
1387.0,238.89959716796875
1388.0,55.4818000793457
1389.0,0.28718632459640503
1390.0,156.6254425048828
1391.0,135.43515014648438
1392.0,-2.789186716079712
1393.0,117.91702270507812
1394.0,251.4443817138672
1395.0,508.4357604980469
1396.0,49.0876350402832
1397.0,52.35605239868164
1398.0,117.66497039794922
1399.0,80.18397521972656
1400.0,11.117512702941895
1401.0,28.03218650817871
1402.0,328.7672119140625
1403.0,51.11357498168945
1404.0,1020.9662475585938
1405.0,242.35009765625
1406.0,114.52313995361328
1407.0,130.83831787109375
1408.0,49.761619567871094
1409.0,176.4462127685547
1410.0,0.28718632459640503
1411.0,60.7182731628418
1412.0,21.715251922607422
1413.0,136.35980224609375
1414.0,444.6404724121094
1415.0,-9.877786636352539
1416.0,26.040771484375
1417.0,136.13768005371094
1418.0,51.91505432128906
1419.0,314.8470153808594
1420.0,201.07191467285156
1421.0,130.83831787109375
1422.0,130.83831787109375
1423.0,462.0668029785156
1424.0,13.067177772521973
1425.0,13.067177772521973
1426.0,13.067177772521973
1427.0,60.7182731628418
1428.0,434.8529968261719
1429.0,7.089728355407715
1430.0,54.38698196411133
1431.0,434.8529968261719
1432.0,182.61886596679688
1433.0,37.60752868652344
1434.0,486.91552734375
1435.0,138.54591369628906
1436.0,2.2368509769439697
1437.0,241.05303955078125
1438.0,54.047889709472656
1439.0,76.33625030517578
1440.0,201.07191467285156
1441.0,82.40401458740234
1442.0,28.226863861083984
1443.0,489.09320068359375
1444.0,40.984214782714844
1445.0,310.9137878417969
1446.0,43.698116302490234
1447.0,28.226863861083984
1448.0,2.173977851867676
1449.0,182.61886596679688
1450.0,54.047889709472656
1451.0,2.2368509769439697
1452.0,79.70569610595703
1453.0,64.9168930053711
1454.0,51.91505432128906
1455.0,154.62913513183594
1456.0,60.7182731628418
1457.0,253.5978240966797
1458.0,49.965389251708984
1459.0,196.98501586914062
1460.0,28.30631446838379
1461.0,158.9181365966797
1462.0,54.668766021728516
1463.0,499.9676208496094
1464.0,233.1554412841797
1465.0,35.89268112182617
1466.0,54.047889709472656
1467.0,54.047889709472656
1468.0,58.76860809326172
1469.0,134.18800354003906
1470.0,58.76860809326172
1471.0,2.173977851867676
1472.0,117.16641235351562
1473.0,186.52723693847656
1474.0,83.26461029052734
1475.0,41.51202392578125
1476.0,374.3180847167969
1477.0,58.76860809326172
1478.0,117.16641235351562
1479.0,179.18698120117188
1480.0,8.874914169311523
1481.0,449.76031494140625
1482.0,42.38338088989258
1483.0,58.53218078613281
1484.0,85.6218032836914
1485.0,31.623916625976562
1486.0,49.72896194458008
1487.0,45.23805236816406
1488.0,501.9113464355469
1489.0,237.56434631347656
1490.0,251.41171264648438
1491.0,138.54591369628906
1492.0,54.047889709472656
1493.0,2.2368509769439697
1494.0,28.226863861083984
1495.0,499.9676208496094
1496.0,83.26461029052734
1497.0,499.9676208496094
1498.0,2.2368509769439697
1499.0,49.72896194458008
1500.0,54.047889709472656
1501.0,167.0675811767578
1502.0,71.02147674560547
1503.0,49.02427673339844
1504.0,54.047889709472656
1505.0,54.047889709472656
1506.0,28.226863861083984
1507.0,181.3763885498047
1508.0,37.81995391845703
1509.0,58.7083625793457
1510.0,115.93782043457031
1511.0,68.62059783935547
1512.0,12.525851249694824
1513.0,1470.651123046875
1514.0,56.71242141723633
1515.0,323.83184814453125
1516.0,135.40777587890625
1517.0,54.047889709472656
1518.0,49.965389251708984
1519.0,58.53218078613281
1520.0,2.557526111602783
1521.0,35.80567169189453
1522.0,1.6955246925354004
1523.0,140.78187561035156
1524.0,57.0537109375
1525.0,1.6955246925354004
1526.0,515.7265014648438
1527.0,0.28718632459640503
1528.0,83.26461029052734
1529.0,217.365234375
1530.0,57.0537109375
1531.0,57.0537109375
1532.0,73.00225830078125
1533.0,58.53218078613281
1534.0,24.507308959960938
1535.0,143.35989379882812
1536.0,229.7364501953125
1537.0,323.8466491699219
1538.0,251.41171264648438
1539.0,5.633900165557861
1540.0,135.40777587890625
1541.0,323.8466491699219
1542.0,135.40777587890625
1543.0,135.40777587890625
1544.0,50.43658447265625
1545.0,452.1883850097656
1546.0,72.45295715332031
1547.0,133.95156860351562
1548.0,215.41555786132812
1549.0,83.26461029052734
1550.0,73.5372314453125
1551.0,58.53218078613281
1552.0,85.53214263916016
1553.0,5.633900165557861
1554.0,35.3258171081543
1555.0,323.8466491699219
1556.0,115.93782043457031
1557.0,325.8902893066406
1558.0,40.10707092285156
1559.0,87.6796646118164
1560.0,275.8484802246094
1561.0,33.681976318359375
1562.0,142.03958129882812
1563.0,13.067177772521973
1564.0,58.76860809326172
1565.0,54.047889709472656
1566.0,43.15678787231445
1567.0,414.85882568359375
1568.0,132.70953369140625
1569.0,57.290138244628906
1570.0,54.047889709472656
1571.0,25.0210018157959
1572.0,507.5440673828125
1573.0,413.5392150878906
1574.0,192.76712036132812
1575.0,54.047889709472656
1576.0,54.047889709472656
1577.0,83.26461029052734
1578.0,40.03355407714844
1579.0,35.3258171081543
1580.0,180.84141540527344
1581.0,115.93782043457031
1582.0,186.52723693847656
1583.0,158.9181365966797
1584.0,133.95156860351562
1585.0,240.85292053222656
1586.0,82.40401458740234
1587.0,54.047889709472656
1588.0,54.047889709472656
1589.0,54.047889709472656
1590.0,158.9181365966797
1591.0,50.22321701049805
1592.0,251.41171264648438
1593.0,146.17149353027344
1594.0,138.54591369628906
1595.0,240.85292053222656
1596.0,58.53218078613281
1597.0,54.047889709472656
1598.0,505.4071960449219
1599.0,49.02427673339844
1600.0,140.71900939941406
1601.0,2.173977851867676
1602.0,137.32196044921875
1603.0,27.522174835205078
1604.0,58.53218078613281
1605.0,15.60097885131836
1606.0,86.20184326171875
1607.0,74.40261840820312
1608.0,253.94361877441406
1609.0,88.57548522949219
1610.0,158.9181365966797
1611.0,58.53218078613281
1612.0,22.55764389038086
1613.0,1152.8443603515625
1614.0,138.54591369628906
1615.0,1096.9114990234375
1616.0,52.200889587402344
1617.0,147.24131774902344
1618.0,15.215113639831543
1619.0,-1.8133525848388672
1620.0,52.200889587402344
1621.0,81.984130859375
1622.0,0.22431319952011108
1623.0,49.72896194458008
1624.0,58.53218078613281
1625.0,115.88593292236328
1626.0,51.831581115722656
1627.0,58.53218078613281
1628.0,133.95156860351562
1629.0,115.88593292236328
1630.0,503.09588623046875
1631.0,240.35865783691406
1632.0,26.277198791503906
1633.0,58.53218078613281
1634.0,501.0374450683594
1635.0,46.817787170410156
1636.0,41.51202392578125
1637.0,58.53218078613281
1638.0,177.9275360107422
1639.0,50.66904067993164
1640.0,179.3638458251953
1641.0,157.66415405273438
1642.0,28.226863861083984
1643.0,58.76860809326172
1644.0,81.1510009765625
1645.0,136.41099548339844
1646.0,157.66415405273438
1647.0,50.43658447265625
1648.0,197.32591247558594
1649.0,28.226863861083984
1650.0,51.89445495605469
1651.0,54.047889709472656
1652.0,72.68914031982422
1653.0,147.30418395996094
1654.0,198.80438232421875
1655.0,85.7300033569336
1656.0,18.43061065673828
1657.0,63.203121185302734
1658.0,11.407402038574219
1659.0,57.29063034057617
1660.0,54.047889709472656
1661.0,12.525851249694824
1662.0,325.8274230957031
1663.0,42.00627899169922
1664.0,11.117512702941895
1665.0,28.03218650817871
1666.0,136.13768005371094
1667.0,138.54591369628906
1668.0,53.68229675292969
1669.0,117.33818054199219
1670.0,194.56027221679688
1671.0,81.7861328125
1672.0,447.6595458984375
1673.0,219.5021209716797
1674.0,73.5372314453125
1675.0,15.60097885131836
1676.0,5.633900165557861
1677.0,33.966453552246094
1678.0,41.51202392578125
1679.0,13.067177772521973
1680.0,228.8254852294922
1681.0,13.067177772521973
1682.0,54.047889709472656
1683.0,129.7996063232422
1684.0,40.10707092285156
1685.0,250.34280395507812
1686.0,27.289993286132812
1687.0,54.380218505859375
1688.0,84.14340209960938
1689.0,54.380218505859375
1690.0,241.05303955078125
1691.0,54.047889709472656
1692.0,51.91505432128906
1693.0,251.75115966796875
1694.0,156.9684600830078
1695.0,34.877410888671875
1696.0,138.54591369628906
1697.0,513.5895385742188
1698.0,217.365234375
1699.0,184.5775604248047
1700.0,25.0210018157959
1701.0,513.5895385742188
1702.0,156.9684600830078
1703.0,52.09822463989258
1704.0,434.7920837402344
1705.0,60.7182731628418
1706.0,-1.8133525848388672
1707.0,81.74769592285156
1708.0,253.5978240966797
1709.0,116.4728012084961
1710.0,51.91505432128906
1711.0,144.44418334960938
1712.0,201.07191467285156
1713.0,156.73202514648438
1714.0,13.889585494995117
1715.0,330.3192138671875
1716.0,52.40930938720703
1717.0,60.7182731628418
1718.0,136.13768005371094
1719.0,47.281707763671875
1720.0,29.98185157775879
1721.0,325.8902893066406
1722.0,138.54591369628906
1723.0,51.86179733276367
1724.0,253.5978240966797
1725.0,83.10066223144531
1726.0,2.2368509769439697
1727.0,371.4229736328125
1728.0,513.5895385742188
1729.0,12.203935623168945
1730.0,52.74253845214844
1731.0,445.5226745605469
1732.0,26.040771484375
1733.0,49.761619567871094
1734.0,447.6595458984375
1735.0,118.73313903808594
1736.0,119.23461151123047
1737.0,-14.641693115234375
1738.0,379.4731750488281
1739.0,38.46164321899414
1740.0,138.54591369628906
1741.0,52.09822463989258
1742.0,12.203935623168945
1743.0,167.7914276123047
1744.0,178.85702514648438
1745.0,162.3115234375
1746.0,460.0736083984375
1747.0,506.42718505859375
1748.0,156.9684600830078
1749.0,55.41892623901367
1750.0,36.834754943847656
1751.0,251.3815155029297
1752.0,183.8728790283203
1753.0,2.2368509769439697
1754.0,25.0210018157959
1755.0,513.0482177734375
1756.0,188.1003875732422
1757.0,968.1782836914062
1758.0,-0.9023947715759277
1759.0,51.86179733276367
1760.0,25.0210018157959
1761.0,2.2368509769439697
1762.0,501.9483947753906
1763.0,2.2368509769439697
1764.0,201.07191467285156
1765.0,1126.256591796875
1766.0,51.91505432128906
1767.0,201.07191467285156
1768.0,115.64949798583984
1769.0,1105.6275634765625
1770.0,142.25807189941406
1771.0,241.05303955078125
1772.0,180.83506774902344
1773.0,51.91505432128906
1774.0,323.8777770996094
1775.0,1105.6275634765625
1776.0,119.47723388671875
1777.0,1.8699525594711304
1778.0,-2.8520591259002686
1779.0,52.09822463989258
1780.0,115.88593292236328
1781.0,56.32988357543945
1782.0,71.58757019042969
1783.0,136.35980224609375
1784.0,50.22321701049805
1785.0,156.73202514648438
1786.0,50.22321701049805
1787.0,182.61886596679688
1788.0,135.37228393554688
1789.0,58.76860809326172
1790.0,1.8699525594711304
1791.0,182.61886596679688
1792.0,49.72896194458008
1793.0,41.51202392578125
1794.0,332.0032958984375
1795.0,51.86179733276367
1796.0,121.54776000976562
1797.0,10.482782363891602
1798.0,-0.07971209287643433
1799.0,240.35865783691406
1800.0,253.94361877441406
1801.0,179.8926239013672
1802.0,500.5633850097656
1803.0,173.18679809570312
1804.0,52.200889587402344
1805.0,49.72896194458008
1806.0,52.200889587402344
1807.0,26.53502655029297
1808.0,118.57682800292969
1809.0,133.95156860351562
1810.0,512.2044677734375
1811.0,324.494873046875
1812.0,58.53218078613281
1813.0,269.07037353515625
1814.0,12.432448387145996
1815.0,139.8534698486328
1816.0,52.35605239868164
1817.0,57.53050231933594
1818.0,51.86179733276367
1819.0,161.45758056640625
1820.0,329.5659484863281
1821.0,85.93372344970703
1822.0,52.200889587402344
1823.0,1.8699525594711304
1824.0,51.86179733276367
1825.0,58.53218078613281
1826.0,106.86257934570312
1827.0,52.35605239868164
1828.0,139.8534698486328
1829.0,247.2960205078125
1830.0,139.8534698486328
1831.0,55.108497619628906
1832.0,12.432448387145996
1833.0,188.1003875732422
1834.0,40.03355407714844
1835.0,156.73202514648438
1836.0,456.1935119628906
1837.0,15.354239463806152
1838.0,149.24758911132812
1839.0,75.43877410888672
1840.0,46.792537689208984
1841.0,-0.07971209287643433
1842.0,15.354239463806152
1843.0,118.4112777709961
1844.0,180.669189453125
1845.0,85.25711822509766
1846.0,180.04559326171875
1847.0,82.39347076416016
1848.0,118.4112777709961
1849.0,812.0929565429688
1850.0,52.200889587402344
1851.0,182.36549377441406
1852.0,87.72593688964844
1853.0,505.31219482421875
1854.0,137.01792907714844
1855.0,-0.07971209287643433
1856.0,-1.206420660018921
1857.0,167.71861267089844
1858.0,167.71861267089844
1859.0,157.89903259277344
1860.0,-1.206420660018921
1861.0,48.250492095947266
1862.0,68.40199279785156
1863.0,200.59420776367188
1864.0,24.172832489013672
1865.0,157.89903259277344
1866.0,46.792537689208984
1867.0,157.89903259277344
1868.0,-0.3161401152610779
1869.0,68.40199279785156
1870.0,137.01792907714844
1871.0,91.643310546875
1872.0,192.76712036132812
1873.0,167.71861267089844
1874.0,446.8280334472656
1875.0,52.200889587402344
1876.0,316.6749267578125
1877.0,74.84257507324219
1878.0,251.41171264648438
1879.0,137.01792907714844
1880.0,91.643310546875
1881.0,0.28718632459640503
1882.0,58.53218078613281
1883.0,92.63253021240234
1884.0,46.792537689208984
1885.0,10.254271507263184
1886.0,251.41171264648438
1887.0,58.53218078613281
1888.0,116.79069519042969
1889.0,38.575599670410156
1890.0,66.40403747558594
1891.0,405.68267822265625
1892.0,-11.75149917602539
1893.0,178.53065490722656
1894.0,58.53218078613281
1895.0,207.5750274658203
1896.0,85.2805404663086
1897.0,58.53218078613281
1898.0,507.5434875488281
1899.0,49.49960708618164
1900.0,49.49960708618164
1901.0,38.575599670410156
1902.0,23.678577423095703
1903.0,85.2805404663086
1904.0,328.53314208984375
1905.0,58.53218078613281
1906.0,39.26580047607422
1907.0,100.80012512207031
1908.0,-16.82778549194336
1909.0,67.82384490966797
1910.0,-1.206420660018921
1911.0,49.49960708618164
1912.0,23.56559181213379
1913.0,-1.206420660018921
1914.0,157.89903259277344
1915.0,166.3360137939453
1916.0,111.38668060302734
1917.0,-16.591358184814453
1918.0,64.13650512695312
1919.0,52.200889587402344
1920.0,190.72572326660156
1921.0,-0.07971209287643433
1922.0,91.643310546875
1923.0,98.03831481933594
1924.0,344.783447265625
1925.0,251.41171264648438
1926.0,136.35980224609375
1927.0,39.80073547363281
1928.0,71.8511734008789
1929.0,72.05774688720703
1930.0,26.748394012451172
1931.0,328.2477722167969
1932.0,49.72896194458008
1933.0,23.07133674621582
1934.0,52.200889587402344
1935.0,52.200889587402344
1936.0,118.57682800292969
1937.0,227.78677368164062
1938.0,227.78677368164062
1939.0,157.14283752441406
1940.0,25.784690856933594
1941.0,511.63983154296875
1942.0,325.27813720703125
1943.0,182.61886596679688
1944.0,52.200889587402344
1945.0,118.57682800292969
1946.0,827.8075561523438
1947.0,22.166473388671875
1948.0,116.99176788330078
1949.0,12.432448387145996
1950.0,198.88580322265625
1951.0,183.9799346923828
1952.0,2.173977851867676
1953.0,235.6146697998047
1954.0,183.9799346923828
1955.0,105.8392105102539
1956.0,251.41171264648438
1957.0,458.0080871582031
1958.0,251.41171264648438
1959.0,182.61886596679688
1960.0,51.60572052001953
1961.0,83.08995819091797
1962.0,22.166473388671875
1963.0,120.08673095703125
1964.0,49.72896194458008
1965.0,83.03778839111328
1966.0,53.87163543701172
1967.0,273.8048400878906
1968.0,193.00355529785156
1969.0,181.3135223388672
1970.0,115.71128845214844
1971.0,58.76860809326172
1972.0,181.3135223388672
1973.0,158.5751190185547
1974.0,84.34313201904297
1975.0,94.49303436279297
1976.0,51.114009857177734
1977.0,1.8699525594711304
1978.0,85.40692901611328
1979.0,51.91505432128906
1980.0,1.8699525594711304
1981.0,217.365234375
1982.0,53.06367492675781
1983.0,185.43788146972656
1984.0,118.44971466064453
1985.0,53.06367492675781
1986.0,51.91505432128906
1987.0,54.38698196411133
1988.0,343.47808837890625
1989.0,254.63800048828125
1990.0,116.99176788330078
1991.0,791.7108764648438
1992.0,253.5978240966797
1993.0,74.84257507324219
1994.0,481.35491943359375
1995.0,190.72572326660156
1996.0,39.26580047607422
1997.0,137.01792907714844
1998.0,51.60572052001953
1999.0,791.7108764648438
2000.0,444.6117248535156
2001.0,51.60572052001953
2002.0,43.698116302490234
2003.0,51.91505432128906
2004.0,253.5978240966797
2005.0,462.0821838378906
2006.0,247.31141662597656
2007.0,57.29063034057617
2008.0,508.4357604980469
2009.0,74.00740814208984
2010.0,1.8699525594711304
2011.0,137.8412322998047
2012.0,185.43788146972656
2013.0,323.76898193359375
2014.0,1.8699525594711304
2015.0,769.8915405273438
2016.0,253.5978240966797
2017.0,22.166473388671875
2018.0,22.166473388671875
2019.0,84.34313201904297
2020.0,118.57682800292969
2021.0,513.5895385742188
2022.0,136.41099548339844
2023.0,157.66415405273438
2024.0,51.60572052001953
2025.0,218.59115600585938
2026.0,25.784690856933594
2027.0,446.74859619140625
2028.0,51.60572052001953
2029.0,83.08995819091797
2030.0,1.8699525594711304
2031.0,122.52545166015625
2032.0,241.05303955078125
2033.0,122.52545166015625
2034.0,51.91505432128906
2035.0,51.91505432128906
2036.0,51.91505432128906
2037.0,54.38698196411133
2038.0,180.669189453125
2039.0,122.71775817871094
2040.0,114.22998046875
2041.0,34.029327392578125
2042.0,-0.3161401152610779
2043.0,122.28901672363281
2044.0,446.8280334472656
2045.0,52.908512115478516
2046.0,85.2805404663086
2047.0,60.013587951660156
2048.0,185.8225555419922
2049.0,22.834909439086914
2050.0,80.91456604003906
2051.0,136.13768005371094
2052.0,22.834909439086914
2053.0,37.936336517333984
2054.0,36.45851516723633
2055.0,0.050758302211761475
2056.0,51.39353942871094
2057.0,230.96237182617188
2058.0,24.798728942871094
2059.0,140.71900939941406
2060.0,0.050758302211761475
2061.0,445.5226745605469
2062.0,22.834909439086914
2063.0,80.91456604003906
2064.0,21.728912353515625
2065.0,325.2520751953125
2066.0,180.41839599609375
2067.0,47.807769775390625
2068.0,47.807769775390625
2069.0,135.65512084960938
2070.0,323.23956298828125
2071.0,72.5304183959961
2072.0,25.056556701660156
2073.0,243.23727416992188
2074.0,60.7182731628418
2075.0,1.8699525594711304
2076.0,518.8892211914062
2077.0,136.13768005371094
2078.0,52.35605239868164
2079.0,180.97181701660156
2080.0,60.7182731628418
2081.0,136.13768005371094
2082.0,201.56617736816406
2083.0,44.1923713684082
2084.0,188.5946502685547
2085.0,12.432448387145996
2086.0,253.5978240966797
2087.0,179.4267120361328
2088.0,8.0946044921875
2089.0,51.081398010253906
2090.0,60.7182731628418
2091.0,229.4862518310547
2092.0,387.78924560546875
2093.0,60.7182731628418
2094.0,134.0790557861328
2095.0,136.13768005371094
2096.0,156.73202514648438
2097.0,49.708702087402344
2098.0,211.09054565429688
2099.0,53.68229675292969
2100.0,1.3286261558532715
2101.0,922.0260009765625
2102.0,43.698116302490234
2103.0,25.056556701660156
2104.0,50.87758255004883
2105.0,134.83181762695312
2106.0,195.7628173828125
2107.0,37.079708099365234
2108.0,220.2425079345703
2109.0,12.432448387145996
2110.0,254.63800048828125
2111.0,1.8699525594711304
2112.0,50.87758255004883
2113.0,196.82296752929688
2114.0,1.8699525594711304
2115.0,53.17961120605469
2116.0,83.031005859375
2117.0,83.031005859375
2118.0,50.43658447265625
2119.0,59.239803314208984
2120.0,83.031005859375
2121.0,211.09054565429688
2122.0,1.8699525594711304
2123.0,52.826839447021484
2124.0,134.83181762695312
2125.0,130.65447998046875
2126.0,52.826839447021484
2127.0,50.87758255004883
2128.0,22.166473388671875
2129.0,84.8082046508789
2130.0,183.88121032714844
2131.0,116.84813690185547
2132.0,238.96060180664062
2133.0,1.8699525594711304
2134.0,504.53387451171875
2135.0,50.43658447265625
2136.0,1.8699525594711304
2137.0,83.031005859375
2138.0,481.35491943359375
2139.0,481.35491943359375
2140.0,316.6749267578125
2141.0,1.8699525594711304
2142.0,56.16999053955078
2143.0,481.35491943359375
2144.0,38.56111526489258
2145.0,193.4952850341797
2146.0,130.65447998046875
2147.0,184.74349975585938
2148.0,49.83869934082031
2149.0,325.1075439453125
2150.0,137.01792907714844
2151.0,137.01792907714844
2152.0,184.74349975585938
2153.0,50.87758255004883
2154.0,54.38698196411133
2155.0,183.88121032714844
2156.0,135.6094970703125
2157.0,25.292984008789062
2158.0,136.13768005371094
2159.0,194.95323181152344
2160.0,194.95323181152344
2161.0,-3.156085252761841
2162.0,512.9451904296875
2163.0,182.61886596679688
2164.0,49.65605545043945
2165.0,84.34313201904297
2166.0,93.628662109375
2167.0,47.36677169799805
2168.0,22.166473388671875
2169.0,68.40199279785156
2170.0,106.90505981445312
2171.0,504.53387451171875
2172.0,253.5978240966797
2173.0,112.82998657226562
2174.0,137.32196044921875
2175.0,60.7182731628418
2176.0,136.13768005371094
2177.0,43.698116302490234
2178.0,25.784690856933594
2179.0,54.38698196411133
2180.0,-2.8520591259002686
2181.0,51.91505432128906
2182.0,241.05303955078125
2183.0,60.7182731628418
2184.0,68.40199279785156
2185.0,342.83380126953125
2186.0,124.47511291503906
2187.0,72.89291381835938
2188.0,84.34313201904297
2189.0,136.13768005371094
2190.0,50.79287338256836
2191.0,182.36807250976562
2192.0,73.00325012207031
2193.0,49.99386215209961
2194.0,345.28228759765625
2195.0,253.5978240966797
2196.0,1.8699525594711304
2197.0,52.09822463989258
2198.0,49.99386215209961
2199.0,60.7182731628418
2200.0,1.8699525594711304
2201.0,135.06825256347656
2202.0,136.13768005371094
2203.0,182.61886596679688
2204.0,433.7533874511719
2205.0,22.166473388671875
2206.0,-2.8520591259002686
2207.0,78.71631622314453
2208.0,25.0210018157959
2209.0,502.38482666015625
2210.0,1.8699525594711304
2211.0,106.90505981445312
2212.0,187.470703125
2213.0,43.698116302490234
2214.0,50.79287338256836
2215.0,130.65447998046875
2216.0,188.7760467529297
2217.0,504.53387451171875
2218.0,60.7182731628418
2219.0,501.8201904296875
2220.0,50.87758255004883
2221.0,12.432448387145996
2222.0,-3.156085252761841
2223.0,503.12554931640625
2224.0,50.87758255004883
2225.0,120.14960479736328
2226.0,43.698116302490234
2227.0,314.72528076171875
2228.0,201.07191467285156
2229.0,37.31613540649414
2230.0,51.91505432128906
2231.0,223.1868896484375
2232.0,2.2368509769439697
2233.0,37.31613540649414
2234.0,135.06825256347656
2235.0,21.49248504638672
2236.0,2.2368509769439697
2237.0,12.203935623168945
2238.0,51.86179733276367
2239.0,50.43658447265625
2240.0,94.89209747314453
2241.0,315.9805908203125
2242.0,132.04795837402344
2243.0,315.9805908203125
2244.0,42.21964645385742
2245.0,133.20126342773438
2246.0,51.86179733276367
2247.0,-3.3925130367279053
2248.0,72.65647888183594
2249.0,132.04795837402344
2250.0,253.5978240966797
2251.0,50.619319915771484
2252.0,132.04795837402344
2253.0,44.1923713684082
2254.0,25.830337524414062
2255.0,135.19871520996094
2256.0,60.013587951660156
2257.0,183.97723388671875
2258.0,52.35605239868164
2259.0,180.669189453125
2260.0,201.56617736816406
2261.0,-0.07971209287643433
2262.0,-0.07971209287643433
2263.0,59.239803314208984
2264.0,20.216808319091797
2265.0,47.807769775390625
2266.0,479.96990966796875
2267.0,66.21589660644531
2268.0,128.70481872558594
2269.0,-3.156085252761841
2270.0,161.0138397216797
2271.0,60.7182731628418
2272.0,51.166831970214844
2273.0,47.807769775390625
2274.0,118.57682800292969
2275.0,52.09822463989258
2276.0,374.53253173828125
2277.0,216.7209014892578
2278.0,324.544921875
2279.0,47.807769775390625
2280.0,782.8465576171875
2281.0,324.544921875
2282.0,65.38137817382812
2283.0,84.34313201904297
2284.0,316.13360595703125
2285.0,130.11314392089844
2286.0,768.2991943359375
2287.0,773.9295654296875
2288.0,48.04419708251953
2289.0,66.45233154296875
2290.0,118.57682800292969
2291.0,49.217166900634766
2292.0,204.6162872314453
2293.0,74.84257507324219
2294.0,130.83831787109375
2295.0,1.8699525594711304
2296.0,-1.206420660018921
2297.0,12.432448387145996
2298.0,66.8982925415039
2299.0,218.6705780029297
2300.0,344.783447265625
2301.0,505.0751953125
2302.0,316.6749267578125
2303.0,60.7182731628418
2304.0,505.0751953125
2305.0,118.57682800292969
2306.0,505.0751953125
2307.0,505.0751953125
2308.0,204.6162872314453
2309.0,100.80010223388672
2310.0,39.26580047607422
2311.0,153.14393615722656
2312.0,66.8982925415039
2313.0,54.38698196411133
2314.0,-0.07971209287643433
2315.0,344.783447265625
2316.0,437.0083923339844
2317.0,-0.07971209287643433
2318.0,91.643310546875
2319.0,39.26580047607422
2320.0,54.38698196411133
2321.0,251.3815155029297
2322.0,55.41892623901367
2323.0,51.166831970214844
2324.0,39.86685562133789
2325.0,181.3135223388672
2326.0,-1.206420660018921
2327.0,200.59420776367188
2328.0,74.84257507324219
2329.0,24.9581298828125
2330.0,325.1075439453125
2331.0,51.91505432128906
2332.0,51.91505432128906
2333.0,74.84257507324219
2334.0,116.40992736816406
2335.0,1.4435434341430664
2336.0,68.40199279785156
2337.0,-11.75149917602539
2338.0,737.763671875
2339.0,73.36408996582031
2340.0,49.99386215209961
2341.0,12.141063690185547
2342.0,450.0292053222656
2343.0,196.7463836669922
2344.0,2.173977851867676
2345.0,52.569419860839844
2346.0,737.763671875
2347.0,49.99386215209961
2348.0,248.17471313476562
2349.0,68.40199279785156
2350.0,49.99386215209961
2351.0,49.99386215209961
2352.0,24.172832489013672
2353.0,100.80010223388672
2354.0,24.172832489013672
2355.0,49.49960708618164
2356.0,115.49896240234375
2357.0,37.91719055175781
2358.0,49.217166900634766
2359.0,157.89903259277344
2360.0,137.06744384765625
2361.0,15.538106918334961
2362.0,54.047889709472656
2363.0,37.422935485839844
2364.0,49.0876350402832
2365.0,137.01792907714844
2366.0,12.141063690185547
2367.0,130.83831787109375
2368.0,157.89903259277344
2369.0,51.13425827026367
2370.0,24.9581298828125
2371.0,51.37372589111328
2372.0,181.3135223388672
2373.0,131.74928283691406
2374.0,43.15678787231445
2375.0,50.6400032043457
2376.0,49.998592376708984
2377.0,2.2368509769439697
2378.0,83.10066223144531
2379.0,54.047889709472656
2380.0,535.5761108398438
2381.0,74.84257507324219
2382.0,135.8915557861328
2383.0,166.58038330078125
2384.0,12.203935623168945
2385.0,24.818973541259766
2386.0,252.29248046875
2387.0,49.49960708618164
2388.0,49.998592376708984
2389.0,49.998592376708984
2390.0,357.3110656738281
2391.0,48.048927307128906
2392.0,198.80438232421875
2393.0,136.13768005371094
2394.0,35.434539794921875
2395.0,-17.71806526184082
2396.0,119.96495819091797
2397.0,58.559730529785156
2398.0,65.61781311035156
2399.0,118.55661010742188
2400.0,201.07191467285156
2401.0,233.3572998046875
2402.0,201.07191467285156
2403.0,51.91505432128906
2404.0,182.61886596679688
2405.0,-2.789186716079712
2406.0,554.4129028320312
2407.0,48.04419708251953
2408.0,65.61781311035156
2409.0,177.0752410888672
2410.0,423.6507568359375
2411.0,118.57682800292969
2412.0,60.7182731628418
2413.0,136.13768005371094
2414.0,445.70989990234375
2415.0,182.61886596679688
2416.0,177.83627319335938
2417.0,1.8699525594711304
2418.0,135.37228393554688
2419.0,12.432448387145996
2420.0,135.37228393554688
2421.0,51.21036911010742
2422.0,51.21036911010742
2423.0,1.8699525594711304
2424.0,50.79287338256836
2425.0,1.8699525594711304
2426.0,25.313228607177734
2427.0,199.6165008544922
2428.0,239.59762573242188
2429.0,79.79174041748047
2430.0,512.9451904296875
2431.0,161.0138397216797
2432.0,96.47838592529297
2433.0,229.0921173095703
2434.0,240.0128631591797
2435.0,199.1222381591797
2436.0,182.61886596679688
2437.0,127.17650604248047
2438.0,253.5978240966797
2439.0,54.38698196411133
2440.0,50.6400032043457
2441.0,12.432448387145996
2442.0,242.68260192871094
2443.0,195.2909698486328
2444.0,50.85574722290039
2445.0,323.30242919921875
2446.0,805.3939819335938
2447.0,1.8699525594711304
2448.0,22.166473388671875
2449.0,1.8699525594711304
2450.0,499.9987487792969
2451.0,55.340965270996094
2452.0,189.3956298828125
2453.0,816.5469360351562
2454.0,84.34313201904297
2455.0,460.0736083984375
2456.0,2.2368509769439697
2457.0,198.88580322265625
2458.0,49.72896194458008
2459.0,182.61886596679688
2460.0,194.56027221679688
2461.0,133.9976348876953
2462.0,49.998592376708984
2463.0,181.3763885498047
2464.0,153.14393615722656
2465.0,50.6400032043457
2466.0,54.047889709472656
2467.0,437.0083923339844
2468.0,23.07133674621582
2469.0,60.7182731628418
2470.0,23.07133674621582
2471.0,179.4267120361328
2472.0,66.16223907470703
2473.0,79.79174041748047
2474.0,60.7182731628418
2475.0,54.38698196411133
2476.0,23.07133674621582
2477.0,115.93147277832031
2478.0,54.047889709472656
2479.0,-1.206420660018921
2480.0,-1.206420660018921
2481.0,39.26580047607422
2482.0,326.49456787109375
2483.0,60.7182731628418
2484.0,74.84257507324219
2485.0,41.043766021728516
2486.0,66.16223907470703
2487.0,0.28718632459640503
2488.0,0.28718632459640503
2489.0,74.12776947021484
2490.0,49.72896194458008
2491.0,60.718223571777344
2492.0,179.19027709960938
2493.0,437.0083923339844
2494.0,51.9677848815918
2495.0,316.6749267578125
2496.0,481.35491943359375
2497.0,49.72896194458008
2498.0,0.050758302211761475
2499.0,26.14675521850586
2500.0,74.84257507324219
2501.0,24.818973541259766
2502.0,176.41529846191406
2503.0,54.047889709472656
2504.0,190.72572326660156
2505.0,50.6400032043457
2506.0,53.84565353393555
2507.0,179.19027709960938
2508.0,137.01792907714844
2509.0,240.85292053222656
2510.0,344.783447265625
2511.0,190.72572326660156
2512.0,730.3727416992188
2513.0,10.246355056762695
2514.0,437.0083923339844
2515.0,253.5978240966797
2516.0,35.183380126953125
2517.0,35.183380126953125
2518.0,198.80438232421875
2519.0,0.3714335560798645
2520.0,197.32591247558594
2521.0,22.166473388671875
2522.0,182.61886596679688
2523.0,118.57682800292969
2524.0,67.64354705810547
2525.0,166.38026428222656
2526.0,253.15953063964844
2527.0,138.59576416015625
2528.0,67.64354705810547
2529.0,240.5071258544922
2530.0,12.432448387145996
2531.0,50.6400032043457
2532.0,138.89947509765625
2533.0,84.8082046508789
2534.0,240.5071258544922
2535.0,63.48005676269531
2536.0,130.65447998046875
2537.0,118.57682800292969
2538.0,329.6248779296875
2539.0,103.66402435302734
2540.0,435.0587463378906
2541.0,153.0554656982422
2542.0,84.8082046508789
2543.0,4.5199174880981445
2544.0,118.57682800292969
2545.0,138.89947509765625
2546.0,117.09834289550781
2547.0,268.8057861328125
2548.0,443.6162109375
2549.0,84.8082046508789
2550.0,54.904869079589844
2551.0,12.432448387145996
2552.0,268.8057861328125
2553.0,62.985801696777344
2554.0,54.38698196411133
2555.0,446.9593505859375
2556.0,182.61886596679688
2557.0,22.166473388671875
2558.0,68.11443328857422
2559.0,182.61886596679688
2560.0,1.8699525594711304
2561.0,51.9677848815918
2562.0,62.985801696777344
2563.0,1.8699525594711304
2564.0,282.27935791015625
2565.0,-49.1887092590332
2566.0,-49.1887092590332
2567.0,138.40521240234375
2568.0,82.8646469116211
2569.0,50.6400032043457
2570.0,66.95112609863281
2571.0,241.05303955078125
2572.0,79.79174041748047
2573.0,54.38698196411133
2574.0,79.79174041748047
2575.0,-8.675125122070312
2576.0,51.91505432128906
2577.0,62.985801696777344
2578.0,6.930291652679443
2579.0,22.166473388671875
2580.0,130.65447998046875
2581.0,-11.75149917602539
2582.0,49.49960708618164
2583.0,60.7182731628418
2584.0,49.49960708618164
2585.0,24.172832489013672
2586.0,1.8699525594711304
2587.0,285.3492126464844
2588.0,68.40199279785156
2589.0,1.8699525594711304
2590.0,47.36677169799805
2591.0,-11.75149917602539
2592.0,73.36408996582031
2593.0,48.97863006591797
2594.0,450.0292053222656
2595.0,126.47286224365234
2596.0,48.97863006591797
2597.0,60.7182731628418
2598.0,250.85647583007812
2599.0,253.5978240966797
2600.0,269.6566162109375
2601.0,112.94950103759766
2602.0,106.6991958618164
2603.0,1.8699525594711304
2604.0,120.76809692382812
2605.0,1.8699525594711304
2606.0,199.1222381591797
2607.0,74.84257507324219
2608.0,54.38698196411133
2609.0,102.86279296875
2610.0,83.33087921142578
2611.0,74.84257507324219
2612.0,1.8699525594711304
2613.0,91.643310546875
2614.0,269.6566162109375
2615.0,863.4719848632812
2616.0,137.01792907714844
2617.0,39.26580047607422
2618.0,42.00627899169922
2619.0,74.84257507324219
2620.0,48.04419708251953
2621.0,65.61781311035156
2622.0,118.57682800292969
2623.0,52.43731689453125
2624.0,84.34313201904297
2625.0,22.223167419433594
2626.0,58.76860809326172
2627.0,137.01792907714844
2628.0,349.5385437011719
2629.0,1.8699525594711304
2630.0,49.72896194458008
2631.0,114.98059844970703
2632.0,125.34049987792969
2633.0,20.216808319091797
2634.0,51.91505432128906
2635.0,115.1466064453125
2636.0,137.01792907714844
2637.0,179.6062774658203
2638.0,49.49960708618164
2639.0,82.39347076416016
2640.0,-1.206420660018921
2641.0,49.49960708618164
2642.0,82.39347076416016
2643.0,49.49960708618164
2644.0,49.49960708618164
2645.0,62.985801696777344
2646.0,349.5385437011719
2647.0,51.91505432128906
2648.0,20.216808319091797
2649.0,49.49960708618164
2650.0,64.13650512695312
2651.0,505.31219482421875
2652.0,133.9976348876953
2653.0,115.68793487548828
2654.0,122.52545166015625
2655.0,327.1327819824219
2656.0,132.04795837402344
2657.0,51.91505432128906
2658.0,60.7182731628418
2659.0,162.96351623535156
2660.0,60.7182731628418
2661.0,372.72833251953125
2662.0,218.6705780029297
2663.0,10.246355056762695
2664.0,241.05303955078125
2665.0,253.5978240966797
2666.0,180.43275451660156
2667.0,82.15703582763672
2668.0,39.26580047607422
2669.0,136.13768005371094
2670.0,259.781494140625
2671.0,42.00627899169922
2672.0,51.114009857177734
2673.0,505.9067077636719
2674.0,54.38698196411133
2675.0,50.22321701049805
2676.0,136.13768005371094
2677.0,324.71075439453125
2678.0,49.41962814331055
2679.0,136.13768005371094
2680.0,253.5978240966797
2681.0,201.67660522460938
2682.0,36.89762878417969
2683.0,169.23558044433594
2684.0,54.38698196411133
2685.0,19.98038101196289
2686.0,416.66302490234375
2687.0,198.80438232421875
2688.0,51.91505432128906
2689.0,23.835025787353516
2690.0,89.82064819335938
2691.0,180.43275451660156
2692.0,19.98038101196289
2693.0,116.39073181152344
2694.0,229.9236602783203
2695.0,502.1356201171875
2696.0,136.13768005371094
2697.0,10.246355056762695
2698.0,462.2104797363281
2699.0,186.06585693359375
2700.0,161.60125732421875
2701.0,251.7338409423828
2702.0,53.06367492675781
2703.0,54.38698196411133
2704.0,105.8392105102539
2705.0,72.12062072753906
2706.0,241.05303955078125
2707.0,49.965389251708984
2708.0,49.965389251708984
2709.0,51.60572052001953
2710.0,253.5978240966797
2711.0,42.242706298828125
2712.0,9.004312515258789
2713.0,422.9737548828125
2714.0,-10.62479019165039
2715.0,82.39347076416016
2716.0,180.669189453125
2717.0,130.83831787109375
2718.0,77.38249206542969
2719.0,182.61886596679688
2720.0,248.9229278564453
2721.0,51.60572052001953
2722.0,73.23824310302734
2723.0,157.33990478515625
2724.0,49.998592376708984
2725.0,116.62716674804688
2726.0,181.80450439453125
2727.0,181.80450439453125
2728.0,20.216808319091797
2729.0,83.031005859375
2730.0,49.998592376708984
2731.0,-0.07971209287643433
2732.0,329.6248779296875
2733.0,42.242706298828125
2734.0,50.45964431762695
2735.0,239.59762573242188
2736.0,25.056556701660156
2737.0,116.93280029296875
2738.0,723.0090942382812
2739.0,51.91505432128906
2740.0,56.32988357543945
2741.0,422.9737548828125
2742.0,281.3228454589844
2743.0,1.8699525594711304
2744.0,111.92242431640625
2745.0,43.698116302490234
2746.0,137.84249877929688
2747.0,51.21036911010742
2748.0,1.8699525594711304
2749.0,708.3359375
2750.0,60.7182731628418
2751.0,198.09970092773438
2752.0,65.38137817382812
2753.0,47.807769775390625
2754.0,99.28318786621094
2755.0,12.432448387145996
2756.0,47.807769775390625
2757.0,247.87612915039062
2758.0,60.7182731628418
2759.0,182.61886596679688
2760.0,133.41627502441406
2761.0,177.0752410888672
2762.0,1.8699525594711304
2763.0,327.30364990234375
2764.0,83.3297348022461
2765.0,118.57682800292969
2766.0,57.86495590209961
2767.0,51.21036911010742
2768.0,57.86495590209961
2769.0,322.85992431640625
2770.0,4.5199174880981445
2771.0,49.99386215209961
2772.0,51.450557708740234
2773.0,1.8699525594711304
2774.0,148.21514892578125
2775.0,176.59300231933594
2776.0,144.93319702148438
2777.0,100.80010223388672
2778.0,49.49960708618164
2779.0,759.0887451171875
2780.0,22.166473388671875
2781.0,1.8699525594711304
2782.0,378.43572998046875
2783.0,12.432448387145996
2784.0,201.07191467285156
2785.0,142.7963104248047
2786.0,12.432448387145996
2787.0,55.17172622680664
2788.0,9.927932739257812
2789.0,47.54994201660156
2790.0,118.57682800292969
2791.0,412.7219543457031
2792.0,118.57682800292969
2793.0,1.8699525594711304
2794.0,51.91505432128906
2795.0,47.313514709472656
2796.0,47.313514709472656
2797.0,84.8082046508789
2798.0,51.91505432128906
2799.0,241.05303955078125
2800.0,131.5894012451172
2801.0,84.103515625
2802.0,62.61959457397461
2803.0,1.8699525594711304
2804.0,12.432448387145996
2805.0,193.4952850341797
2806.0,323.83184814453125
2807.0,133.20126342773438
2808.0,1.8699525594711304
2809.0,112.71306610107422
2810.0,12.432448387145996
2811.0,458.09283447265625
2812.0,184.4423065185547
2813.0,328.7672119140625
2814.0,120.53166198730469
2815.0,460.0736083984375
2816.0,182.61886596679688
2817.0,180.5237579345703
2818.0,224.64483642578125
2819.0,132.76873779296875
2820.0,55.685081481933594
2821.0,130.78338623046875
2822.0,1.8699525594711304
2823.0,862.1221313476562
2824.0,182.61886596679688
2825.0,1.8699525594711304
2826.0,1.8699525594711304
2827.0,199.59344482421875
2828.0,130.65447998046875
2829.0,50.43658447265625
2830.0,47.313514709472656
2831.0,83.09444427490234
2832.0,1.8699525594711304
2833.0,228.5390625
2834.0,1.8699525594711304
2835.0,223.31231689453125
2836.0,197.22076416015625
2837.0,130.65447998046875
2838.0,47.54994201660156
2839.0,514.8948974609375
2840.0,60.7182731628418
2841.0,182.61886596679688
2842.0,446.8280334472656
2843.0,241.05303955078125
2844.0,167.71861267089844
2845.0,84.73921203613281
2846.0,1.8699525594711304
2847.0,241.05303955078125
2848.0,22.166473388671875
2849.0,1.8699525594711304
2850.0,60.54363250732422
2851.0,91.643310546875
2852.0,84.34313201904297
2853.0,64.13650512695312
2854.0,118.57682800292969
2855.0,157.89903259277344
2856.0,118.0354995727539
2857.0,43.698116302490234
2858.0,179.02491760253906
2859.0,135.9630584716797
2860.0,349.5385437011719
2861.0,254.63800048828125
2862.0,1.8699525594711304
2863.0,99.0253677368164
2864.0,176.5809783935547
2865.0,65.1235580444336
2866.0,51.9448127746582
2867.0,20.216808319091797
2868.0,51.9448127746582
2869.0,51.91505432128906
2870.0,62.0015869140625
2871.0,437.0083923339844
2872.0,-0.07971209287643433
2873.0,180.669189453125
2874.0,102.04499816894531
2875.0,62.0015869140625
2876.0,53.402767181396484
2877.0,82.39347076416016
2878.0,91.643310546875
2879.0,180.669189453125
2880.0,181.67369079589844
2881.0,66.21589660644531
2882.0,54.047889709472656
2883.0,349.5385437011719
2884.0,105.38814544677734
2885.0,79.961181640625
2886.0,62.0015869140625
2887.0,137.42100524902344
2888.0,137.42100524902344
2889.0,71.48633575439453
2890.0,-0.3161401152610779
2891.0,100.52244567871094
2892.0,314.72528076171875
2893.0,10.246355056762695
2894.0,-3.156085252761841
2895.0,135.06825256347656
2896.0,177.83627319335938
2897.0,-0.3161401152610779
2898.0,116.62716674804688
2899.0,51.91505432128906
2900.0,47.313514709472656
2901.0,47.313514709472656
2902.0,63.48005676269531
2903.0,118.92766571044922
2904.0,62.17420959472656
2905.0,255.67996215820312
2906.0,59.74264144897461
2907.0,158.30848693847656
2908.0,44.1923713684082
